-inf;-inf;-inf;1.986582823375027829e+01;2.319161146597579659e+01;2.258905062963873434e+01;1.255391590673602309e+01;-inf;-inf;-inf;-inf;8.035436786026039613e+00;-inf;-inf;-inf;-inf;-inf;2.115388553680634232e+01;2.149870583612958796e+01;1.560263578255947436e+01;-inf;5.431439520229787377e+00;1.555585018982191059e+01;-inf;-inf;-inf;-inf;-inf;-inf;1.257148975349196007e+01;-inf;-inf;-inf;-inf;-inf;-inf;-inf;-inf;-inf;-inf;-inf
-inf;-inf;-inf;1.986771842121953568e+01;2.479720602136343643e+01;2.342930582485010405e+01;-inf;-inf;-inf;-inf;-inf;1.410741917852185168e+01;-inf;-inf;-inf;-inf;-inf;1.972465845106503934e+01;2.248151464698774760e+01;1.976540894296395834e+01;-inf;-inf;1.673686082888453086e+01;-inf;-inf;-inf;1.464220712490472920e+01;-inf;-inf;-inf;6.734835182216073690e+00;-inf;-inf;-inf;-inf;-inf;-inf;-inf;-inf;-inf;-inf
1.316095364949231339e+01;-inf;-inf;-inf;2.421575578594487865e+01;2.374361254380768571e+01;-inf;-inf;-inf;-inf;9.254655797451334820e+00;1.623866198329037047e+01;1.505366415727795015e+01;-inf;-inf;-inf;-inf;1.754692953925631116e+01;2.316455815851496425e+01;2.282885197889864060e+01;1.531646400632895677e+01;-inf;1.988421256697743900e+01;1.826650625892875723e+01;-inf;1.038657693417981420e+01;1.742092357778072653e+01;1.375976399013867990e+01;-inf;-inf;-inf;-inf;-inf;-inf;-inf;-inf;-inf;-inf;-inf;-inf;-inf
2.249644928746813832e+01;-inf;-inf;-inf;2.106429655217985442e+01;2.271313176491280217e+01;-inf;-inf;-inf;-inf;-inf;1.516464928049427385e+01;1.408976612136308404e+01;-inf;-inf;-inf;-inf;-inf;2.273949652335279836e+01;2.413179352662662325e+01;2.144181512119016020e+01;1.741368176574137294e+01;2.237594142809963671e+01;2.263735715743305832e+01;1.370926851340990993e+01;-inf;9.635721335207790617e+00;1.548031728427490350e+01;-inf;-inf;-inf;-inf;-inf;-inf;1.602569394585053431e+01;7.220764429383692118e+00;-inf;-inf;-inf;-inf;-inf
2.377046649705205539e+01;2.285312300346303971e+01;2.089819150703036144e+00;-inf;1.412271559570207557e+01;1.994313010706724754e+01;-inf;-inf;-inf;-inf;-inf;1.124455117829039352e+01;5.263902156709789892e+00;-inf;-inf;-inf;-inf;-inf;1.927377734563246747e+01;2.355129526506723892e+01;2.307293157296172126e+01;2.092166555464626754e+01;2.340538173991699011e+01;2.382602120310880878e+01;1.529322749823724337e+01;-inf;-inf;1.169525021333424775e+01;-inf;-inf;-inf;-inf;-inf;-inf;2.079752463919749061e+01;1.632546790976617501e+01;-inf;-inf;-inf;-inf;-inf
2.149997306885711623e+01;2.399850771711082587e+01;2.428658053118573434e+01;2.215947245294756840e+01;1.868766973080890637e+01;1.226707214493953302e+01;-inf;-inf;-inf;-inf;1.223694120396469032e+01;1.295975518762892875e+01;-inf;-inf;-inf;-inf;-inf;-inf;-inf;2.126448629453082617e+01;2.291592954195110110e+01;2.157202581868475022e+01;2.280400437594968821e+01;2.387868864668217839e+01;2.016538053437878375e+01;-inf;-inf;1.233691726907369457e+01;-inf;-inf;-inf;-inf;-inf;9.993642187712509894e+00;1.803968327234078117e+01;-inf;-inf;-inf;-inf;-inf;2.043702807203651162e+01
-inf;2.159816330654737726e+01;2.549054893287926404e+01;2.626953767924095473e+01;2.353824090133777247e+01;-inf;-inf;-inf;-inf;1.735914013681423285e+01;2.217075970008978913e+01;2.096171798726371094e+01;1.653026472338399344e+01;-inf;-inf;-inf;-inf;-inf;-inf;1.955744373921109514e+01;2.186221169874440307e+01;2.086476626261575973e+01;2.182562471851271368e+01;2.348866893515726417e+01;2.244133881714807899e+01;1.771060994519234555e+01;1.687906608054684909e+01;1.467464262289753663e+01;-inf;-inf;-inf;-inf;-inf;8.082871005402125775e+00;-inf;-inf;-inf;-inf;8.457144258598447095e+00;1.476327155344313269e+01;2.410627793905408112e+01
-inf;1.239697024406743253e+01;2.433992191724981069e+01;2.663054519564900602e+01;2.520926108850423475e+01;-inf;-inf;-inf;-inf;2.059357244658870911e+01;2.456105731653840962e+01;2.320543487447741882e+01;1.856962936552771737e+01;8.833103104030016084e+00;-inf;-inf;-inf;1.798192523754167382e+01;2.134584812157282840e+01;2.082485034318058581e+01;2.136090384647735618e+01;2.121676093375548078e+01;2.205650193674350135e+01;2.258943987083074489e+01;2.203844295209538018e+01;2.145078271219387034e+01;2.083239372508144527e+01;1.558663676910673246e+01;-inf;-inf;-inf;-inf;-inf;-inf;-inf;-inf;-inf;-inf;-inf;1.399151771287473878e+01;2.470247434111648488e+01
-inf;-inf;2.156767051453928730e+01;2.532377574451257374e+01;2.442170923203613597e+01;-inf;-inf;-inf;-inf;1.902628424339766866e+01;2.433916339430342646e+01;2.180434725950465236e+01;-inf;-inf;-inf;-inf;-inf;2.019433505621638858e+01;2.299014202203618140e+01;2.230675782475134383e+01;2.234118793778030465e+01;2.369361909523388476e+01;2.389002046355358289e+01;2.203501904237579367e+01;1.875368581914973731e+01;1.974746631032444100e+01;1.954615432623853621e+01;1.040506752448226280e+01;-inf;-inf;-inf;-inf;-inf;-inf;-inf;-inf;-inf;-inf;-inf;9.399041443794502015e+00;2.344213535231705237e+01
-inf;-inf;1.453169042713750514e+01;1.999211184821214715e+01;1.836681184135841249e+01;-inf;-inf;-inf;-inf;1.138121953087807015e+01;2.325804046076885356e+01;1.757118291656280462e+01;-inf;-inf;-inf;-inf;-inf;-inf;1.963482892658424817e+01;2.158977464343490738e+01;2.269235026701046820e+01;2.441235278603350878e+01;2.463684063612291197e+01;2.116482967132245108e+01;-inf;-inf;7.865304562667404298e+00;-inf;-inf;-inf;-inf;-inf;-inf;-inf;-inf;-inf;-inf;-inf;-inf;1.715389226202063355e+01;2.067946155402083264e+01
-inf;-inf;-inf;-inf;-inf;-inf;-inf;-inf;-inf;1.142770747933511188e+01;2.245154014554944411e+01;1.624865137276310634e+01;-inf;-inf;-inf;-inf;-inf;-inf;-inf;1.547714753961629697e+01;2.090200533956708284e+01;2.290026594366415225e+01;2.291288718663035695e+01;1.711913478209720552e+01;-inf;-inf;-inf;1.302678417432120739e+01;-inf;-inf;-inf;-inf;-inf;-inf;-inf;-inf;-inf;-inf;1.754274083086751546e+01;2.199431694069902221e+01;1.869847341397762364e+01
2.093415517580460516e+01;2.075447861614841827e+01;-inf;-inf;-inf;-inf;-inf;-inf;-inf;1.699504983172946027e+01;2.206675335896640888e+01;1.973498090078082612e+01;-inf;-inf;-inf;-inf;-inf;-inf;-inf;-inf;1.097612594753155690e+01;1.161983646463546904e+01;-inf;-inf;-inf;-inf;-inf;8.559896875633540958e+00;-inf;-inf;-inf;-inf;-inf;-inf;-inf;-inf;-inf;-inf;2.088051653782041228e+01;2.351988220415833553e+01;2.033196589894791373e+01
2.522094946428178730e+01;2.570442775403512314e+01;2.068509027579051462e+01;-inf;-inf;1.314185755245910059e+01;-inf;-inf;-inf;1.458853016455427110e+01;1.721882432947380437e+01;1.178584971317994246e+01;-inf;-inf;-inf;-inf;-inf;-inf;-inf;-inf;-inf;-inf;-inf;-inf;-inf;-inf;-inf;-inf;-inf;-inf;-inf;-inf;-inf;-inf;-inf;-inf;-inf;-inf;1.006234117071795708e+01;2.229007606669904362e+01;2.067234078609767778e+01
2.628526179023403131e+01;2.784395394938613322e+01;2.517371335567855795e+01;1.185512631823507945e+01;9.418620084696627259e+00;2.004884235674974491e+01;1.348247875249995786e+01;-inf;-inf;-inf;-inf;-inf;-inf;-inf;-inf;-inf;-inf;-inf;-inf;-inf;-inf;-inf;-inf;-inf;-inf;-inf;-inf;-inf;-inf;-inf;-inf;-inf;-inf;-inf;-inf;-inf;-inf;-inf;-inf;1.969583999197917024e+01;2.246297884999172823e+01
2.350110348825808160e+01;2.864546003484024084e+01;2.810559307559327635e+01;2.353939180694179356e+01;1.679036721712277824e+01;1.720855623111499710e+01;1.376016801084173835e+01;-inf;-inf;-inf;-inf;-inf;-inf;-inf;-inf;-inf;-inf;-inf;-inf;-inf;-inf;-inf;-inf;-inf;-inf;-inf;-inf;-inf;-inf;-inf;-inf;-inf;-inf;-inf;-inf;-inf;-inf;-inf;-inf;2.334294953813660811e+01;2.615600633470701553e+01
-inf;2.770482280650580265e+01;2.980574324977803258e+01;2.852141233101390583e+01;2.534395525865679133e+01;2.035289671209007167e+01;-inf;-inf;-inf;-inf;-inf;-inf;-inf;-inf;-inf;-inf;1.554929349035143105e+01;5.305761645841627683e+00;-inf;3.509089379556883159e+00;-inf;-inf;-inf;-inf;-inf;-inf;-inf;-inf;-inf;-inf;-inf;-inf;-inf;-inf;1.433690672515378139e+01;-inf;-inf;-inf;2.001676208089858733e+01;2.625307316913355749e+01;2.853106351126828599e+01
-inf;2.534448260145036613e+01;3.018000454807256006e+01;3.103903872762809613e+01;2.956693582963008282e+01;2.624465749078970589e+01;1.975491081579274066e+01;-inf;-inf;-inf;1.809228811184584629e+01;1.523338142112055493e+01;1.165246807374478522e+01;1.254698526986283014e+01;-inf;-inf;2.300025755287055063e+01;2.382899830411537323e+01;1.995661629166534112e+01;1.910773742262341557e+01;1.950401425402120026e+01;1.737665619708681675e+01;1.613328166565455035e+01;1.866851167403982004e+01;2.259648613994239952e+01;2.443111775990050205e+01;2.312649475470269067e+01;1.212473671601469505e+01;-inf;-inf;1.430346263515373550e+01;1.830523458479075316e+01;2.140605158263460339e+01;2.207009994808531417e+01;2.009825145946986424e+01;1.482018883641868001e+01;-inf;-inf;2.038660012425945922e+01;2.695138511258811320e+01;2.887433010395649546e+01
-inf;1.989572377389214353e+01;2.913977512612240162e+01;3.164599299830283741e+01;3.142786976081688266e+01;2.892985645868967026e+01;2.439858925827350333e+01;-inf;-inf;-inf;1.972169647055504527e+01;2.412497732519008764e+01;2.439991224371404144e+01;2.178587512250430791e+01;-inf;-inf;2.053749783035813437e+01;2.477686793945180455e+01;2.272537043834896053e+01;2.005919267620842561e+01;2.163752653927154768e+01;2.187076117134814979e+01;2.074318452132509094e+01;2.146540351275689318e+01;2.324148178733381087e+01;2.431139486266789618e+01;2.286423623618389911e+01;1.788566529463449228e+01;1.833752994241744716e+01;1.683425767920951444e+01;1.514350708323405570e+01;2.213094144247865813e+01;2.388440280564546470e+01;2.230272988252710320e+01;1.659604536335001512e+01;-inf;-inf;-inf;1.945980728048714070e+01;2.662498475562091471e+01;2.803049916263870500e+01
-inf;-inf;2.663351324924420283e+01;3.062336588766322620e+01;3.141133588852604674e+01;2.979106034326143515e+01;2.569207097640932602e+01;1.227412976926096633e+01;-inf;-inf;-inf;2.429589700082854620e+01;2.642894039494694880e+01;2.378709625312360743e+01;-inf;-inf;-inf;2.222052436781780216e+01;2.260469155642954320e+01;1.799076121762880121e+01;1.928476785234639124e+01;2.197231468967285650e+01;1.991279504863193495e+01;1.891054260312792223e+01;1.765670444114502402e+01;1.672595546999887972e+01;9.278833261781286978e+00;1.740676847713312725e+01;2.201727535537457925e+01;1.709742565571556838e+01;-inf;1.923445871983997790e+01;2.162097827874330846e+01;1.541180200956650026e+01;-inf;-inf;-inf;-inf;2.357588014028108603e+01;2.664499267118364401e+01;2.697406371970359373e+01
-inf;-inf;2.161039665068634008e+01;2.782209978755379609e+01;2.967141824965537467e+01;2.884615453120090933e+01;2.506046880180393543e+01;7.647808454421110014e+00;-inf;-inf;-inf;2.115424478249832418e+01;2.637000773455807234e+01;2.417344567926323862e+01;1.237802929923478246e+01;-inf;-inf;8.254595321251315454e+00;2.045908973237436612e+01;1.307101784687134227e+01;1.720569647641642064e+01;2.254255811166608225e+01;2.092298044892852715e+01;1.762420576923956617e+01;7.586152359257525291e+00;-inf;-inf;2.171766408883851796e+01;2.450493821137932571e+01;2.252748627650126423e+01;1.821505675926754009e+01;1.389504889977354196e+01;8.903548110824658579e+00;1.381953248497936215e+01;1.744763372534812618e+01;1.862623208594405355e+01;1.785681802952552744e+01;2.110323532438617633e+01;2.476599071642549177e+01;2.554121801882261877e+01;2.481107126827893694e+01
-inf;-inf;-inf;2.199251557857681405e+01;2.591955024794567919e+01;2.603451974359238363e+01;2.186702838738989385e+01;1.635699868212455499e+01;1.021813897271817950e+01;-inf;-inf;-inf;2.283316716231405508e+01;2.269450751070544925e+01;2.203949595711576137e+01;2.266719124664730600e+01;1.576240817348721635e+01;1.497620492719256902e+01;2.342413140227650103e+01;2.346173031303943901e+01;2.388812909686502906e+01;2.479709081727172304e+01;2.112777066742242482e+01;1.074887952552610670e+01;1.249287572968704296e+01;-inf;1.599544446902132222e+01;2.288062267760437862e+01;2.491713763854150443e+01;2.485384260382048183e+01;2.458146042180011648e+01;2.181444348467890393e+01;1.661995691638040284e+01;1.983155164525084047e+01;2.182586987479542984e+01;1.907837255416633582e+01;2.220532838153701505e-01;1.267557481542201003e+01;1.787698445442767081e+01;1.726260440580074373e+01;1.634644639916047026e+01
-inf;-inf;-inf;-inf;1.860478846967785671e+01;1.878118056171828698e+01;-inf;-inf;1.424068596221012228e+01;-inf;-inf;-inf;-inf;1.882322401423674307e+01;2.469140346390750551e+01;2.561782159915310331e+01;2.180340895688976843e+01;1.919213030908601070e+01;2.487100080747822517e+01;2.638777065697023261e+01;2.666146559087400192e+01;2.552405533405709548e+01;1.958430066769061284e+01;-inf;1.949740658914218727e+01;2.250698919066176984e+01;2.164561024897976438e+01;1.991502493744818025e+01;2.197939279711076210e+01;2.428555605450462451e+01;2.474070235304070309e+01;2.310460815682098712e+01;1.916990615542495391e+01;2.043765528478564875e+01;2.043232968828269236e+01;-inf;-inf;-inf;-inf;-inf;-inf
-inf;-inf;-inf;-inf;-inf;-inf;-inf;-inf;-inf;-inf;1.413956899048746152e+01;-inf;-inf;-inf;2.406594285636009545e+01;2.594741969564732642e+01;2.271101923622595109e+01;1.298748789494933931e+01;2.214618086502363781e+01;2.534724007985556682e+01;2.553728651910836334e+01;2.273904924079553780e+01;1.273712479438307810e+01;1.329229384793323732e+01;2.175146998536041565e+01;2.359628946461100441e+01;2.081856347371477511e+01;-inf;-inf;1.987858506302447381e+01;2.184405758394784414e+01;1.992323164497246069e+01;1.472486462270342145e+01;1.980443176864461918e+01;1.941885519692802120e+01;-inf;-inf;-inf;-inf;-inf;-inf
-inf;-inf;-inf;-inf;-inf;-inf;-inf;-inf;-inf;-inf;1.842161162581150791e+01;2.039881392657844117e+01;-inf;-inf;1.972447151515783048e+01;2.417379669331626246e+01;2.271577865542855079e+01;-inf;-inf;1.746355395160557578e+01;1.933800949495000054e+01;-inf;-inf;7.116463050268137636e+00;-inf;-inf;-inf;-inf;-inf;2.021940095712426455e+01;2.298946565055710778e+01;2.198918878089280327e+01;1.627402062568921792e+01;2.042689147197130239e+01;2.154062987085444547e+01;1.000957619578068147e+01;-inf;-inf;-inf;-inf;1.798670751551853186e+01
1.902385143183940386e+01;1.517995116758304164e+01;-inf;-inf;-inf;-inf;-inf;-inf;-inf;-inf;2.315843031519310102e+01;2.512069542623025598e+01;1.903477669676009043e+01;-inf;-inf;1.901483206542253868e+01;2.200914133014055096e+01;2.004799835024066113e+01;-inf;-inf;1.713866209442301169e+01;-inf;-inf;-inf;-inf;-inf;-inf;-inf;2.147661343284744362e+01;2.494772069013406224e+01;2.646587195745134125e+01;2.515321018135880138e+01;2.099683384148391951e+01;1.932118117006265834e+01;1.927064275509746949e+01;-inf;-inf;-inf;-inf;1.413780158058686709e+01;2.161925863624101396e+01
-inf;-inf;-inf;-inf;-inf;-inf;1.150448560675508247e+01;1.305685974799111193e+01;-inf;-inf;2.199152879636241664e+01;2.582287794497726452e+01;2.210671713934996774e+01;-inf;-inf;-inf;1.862844047665015523e+01;2.256758130201444601e+01;1.726454465199449828e+01;-inf;-inf;-inf;-inf;-inf;-inf;-inf;-inf;2.285154786550150163e+01;2.540043079351002575e+01;2.514138182082979256e+01;2.569478695435509508e+01;2.460207046203936443e+01;2.113814916488855999e+01;1.602778234294234494e+01;-inf;-inf;-inf;-inf;-inf;-inf;1.746482458683163941e+01
-inf;-inf;-inf;-inf;-inf;2.134849884146532872e+01;2.392777604079550713e+01;1.958515084849764776e+01;-inf;-inf;-inf;2.077879602111296720e+01;8.547076937693773857e+00;-inf;-inf;-inf;-inf;-inf;-inf;-inf;-inf;-inf;-inf;-inf;1.934363738934122523e+01;2.213670628366207893e+01;2.562139409295774328e+01;2.779272859114884398e+01;2.671804526413316694e+01;2.209702766502147142e+01;1.917422444494074796e+01;2.015687231867784135e+01;1.898426618696154833e+01;1.417833174932893314e+01;-inf;-inf;-inf;-inf;-inf;-inf;-inf
2.137806779963652559e+01;1.886323900815634147e+01;1.812378149370246661e+01;-inf;-inf;2.085552573536492105e+01;2.264270319047619751e+01;-inf;-inf;-inf;-inf;-inf;-inf;-inf;-inf;-inf;-inf;-inf;-inf;-inf;-inf;-inf;-inf;-inf;-inf;2.208753432446967224e+01;2.647272054433454969e+01;2.797345068104397114e+01;2.674173585679450582e+01;2.115504488718937637e+01;1.079689432392373760e+01;1.611549144302550474e+01;-inf;-inf;6.149268054778900705e+00;-inf;-inf;1.612108297325163164e+01;7.737078158379148363e+00;-inf;-inf
2.548245152358387600e+01;2.180989782878546634e+01;-inf;-inf;-inf;-inf;9.239153805543409703e+00;-inf;-inf;-inf;8.427661698923714084e-01;-inf;-inf;-inf;-inf;1.756557788397034869e+01;1.921809237680217564e+01;-inf;-inf;-inf;-inf;-inf;-inf;-inf;-inf;-inf;2.164357562466355489e+01;2.487821291044357963e+01;2.391076994770847364e+01;3.018756498186974113e+00;-inf;1.081845171903034952e+01;-inf;-inf;-inf;-inf;1.142698748914446583e+01;2.217877459793470507e+01;2.155410900967576993e+01;1.595749869973238333e+01;-inf
2.267990639070893621e+01;1.391284343572067428e+01;-inf;-inf;-inf;-inf;-inf;1.300276593917944012e+01;-inf;-inf;1.094660148826844193e+01;1.855176205794276711e+01;-inf;-inf;-inf;-inf;1.399914819821952960e+01;1.417054974114306276e+01;-inf;-inf;-inf;-inf;-inf;-inf;-inf;8.459272582366011761e+00;2.451684974212425061e+01;2.473878470210586045e+01;1.450975400627193324e+01;-inf;-inf;1.943711331352272964e+01;-inf;-inf;-inf;-inf;2.084682867038715415e+01;2.390489176515552572e+01;2.370435959084021249e+01;2.213471945683004094e+01;1.429604828602474242e+01
-inf;1.628573551362697458e+01;-inf;-inf;1.591100477051632822e+01;1.647735976033456495e+01;-inf;-inf;-inf;-inf;-inf;1.709527861805456439e+01;-inf;-inf;1.979342327211438146e+01;-inf;-inf;-inf;-inf;1.660296096730094462e+01;-inf;-inf;-inf;-inf;-inf;2.331343459208625291e+01;2.707808288247629491e+01;2.458712793043716260e+01;-inf;-inf;9.129874062720162442e+00;2.230339395862077367e+01;-inf;-inf;-inf;1.966825789986508255e+01;2.355024327820956387e+01;2.457149008176060079e+01;2.428770037826322437e+01;2.293557937396178659e+01;1.384491345258119566e+01
-inf;-inf;6.058267860178801811e+00;4.891861011304214912e+00;1.521986253654989696e+01;-inf;-inf;-inf;-inf;-inf;-inf;-inf;-inf;-inf;2.229489740114105700e+01;1.545235986581462839e+01;-inf;-inf;-inf;1.411242196171542673e+01;-inf;-inf;-inf;-inf;-inf;2.184521228178653018e+01;2.364464172974970779e+01;-inf;-inf;-inf;-inf;-inf;-inf;-inf;1.735811574217173359e+01;2.337817590090722319e+01;2.173577810512151132e+01;2.121906939533589309e+01;2.252341674107789515e+01;2.252588448708434044e+01;1.426285247359514585e+01
-inf;-inf;-inf;1.341277692966028212e+01;1.649767314666696905e+01;-inf;-inf;-inf;-inf;9.476605810851367551e+00;-inf;-inf;-inf;-inf;-inf;-inf;-inf;-inf;-inf;-inf;-inf;-inf;-inf;-inf;-inf;9.926663543330988659e+00;-inf;-inf;-inf;-inf;-inf;-inf;-inf;-inf;1.862548626266908514e+01;2.035289982382339247e+01;1.322538507400136609e+01;-inf;-inf;1.463239884348776343e+01;-inf
1.243462947651266859e+01;-inf;-inf;-inf;1.074889749859661947e+01;-inf;-inf;1.296139582177704597e+01;8.377115619853697126e+00;-inf;-inf;-inf;-inf;-inf;-inf;-inf;-inf;-inf;-inf;-inf;-inf;-inf;-inf;-inf;-inf;1.756728886069599582e+01;-inf;-inf;-inf;-inf;-inf;-inf;-inf;-inf;-inf;1.448597788960420019e+01;-inf;-inf;-inf;-inf;-inf
1.744712194315243892e+01;-inf;-inf;-inf;-inf;-inf;-inf;1.690581063699183062e+01;2.122931769710051242e+01;-inf;-inf;-inf;-inf;-inf;-inf;-inf;-inf;-inf;-inf;-inf;-inf;-inf;-inf;-inf;1.955438499428183263e+01;2.452350481805171967e+01;2.133382310235015211e+01;-inf;-inf;1.991986395322061298e+01;-inf;-inf;-inf;-inf;-inf;-inf;-inf;-inf;-inf;-inf;-inf
-inf;6.910708259965687716e+00;1.792048909551706970e+01;2.166448468787763204e+01;2.332288497286825191e+01;2.084426113150797732e+01;-inf;-inf;-inf;-inf;-inf;-inf;-inf;-inf;-inf;-inf;-inf;-inf;-inf;-inf;-inf;-inf;-inf;-inf;2.152425184848507911e+01;2.538341790449496216e+01;2.227032582988935872e+01;-inf;-inf;-inf;-inf;-inf;-inf;-inf;-inf;-inf;-inf;-inf;2.156225641812386584e+01;2.323545679717605594e+01;-inf
-inf;-inf;1.978690891056230328e+01;2.433782295451524647e+01;2.508656560062948415e+01;2.230452771655789945e+01;-inf;-inf;-inf;1.907527409147378705e+01;8.390052028259688655e+00;-inf;-inf;-inf;-inf;-inf;-inf;-inf;-inf;-inf;-inf;-inf;-inf;-inf;2.135994266051835666e+01;2.354263568237566062e+01;-inf;-inf;-inf;-inf;-inf;-inf;-inf;-inf;-inf;-inf;1.589593139622164131e+01;1.973108766813415116e+01;2.376549746245326844e+01;2.432965574057341485e+01;1.947248429462257491e+01
1.832545592161721970e+01;2.088396225145925200e+01;2.161220231516112733e+01;2.374387506845278040e+01;2.331163935086031813e+01;1.998485095847645709e+01;1.971950098771763749e+01;1.713234252168022920e+01;-inf;2.013018674775928218e+01;2.071919778571178483e+01;-inf;-inf;-inf;-inf;-inf;-inf;-inf;1.326368046993472660e+01;-inf;-inf;-inf;-inf;-inf;1.585115834535653789e+01;2.037191319369446774e+01;-inf;-inf;-inf;-inf;-inf;-inf;-inf;-inf;-inf;1.217044365030272957e+01;1.912300304515457583e+01;2.236542071674602994e+01;2.187446749497169662e+01;2.041641065040091974e+01;1.762352787796974951e+01
2.602936749240292613e+01;2.584618709694244387e+01;2.635290239214182861e+01;2.679321678009038976e+01;2.716727269350447216e+01;2.735661610679133560e+01;2.775634148963743542e+01;2.741175467347150629e+01;2.615557074109683811e+01;2.632548204534970182e+01;2.664608472105032888e+01;2.510885908081614559e+01;2.383998740257027293e+01;2.540493913529451220e+01;2.632145357974873434e+01;2.590475495943903184e+01;2.559549174715834852e+01;2.467719703583424007e+01;2.410061993852826845e+01;2.431082798758778551e+01;2.111647701572358926e+01;2.272927825928822188e+01;2.622874514671143231e+01;2.493958075591272916e+01;2.372486062847768551e+01;2.577387565436586669e+01;2.186071171122904389e+01;-inf;1.635490135144733870e+01;2.158596228447255783e+01;2.296288225832901730e+01;2.325401131753193340e+01;1.851155482171179756e+01;1.927887833199416434e+01;2.493975175801132593e+01;2.489638038248507712e+01;2.394756011196211887e+01;2.537839681624241450e+01;2.513814435712347972e+01;2.049087281329383359e+01;-inf
2.659136217248465073e+01;2.661822829349922870e+01;2.842328066273790910e+01;2.956800159090083469e+01;2.999043336810511562e+01;2.964679073040450419e+01;2.897752980485142871e+01;2.871981612337702927e+01;2.848584933721575396e+01;2.768242011145633796e+01;2.718146148599869605e+01;2.794674059791614695e+01;2.876769377744432177e+01;2.886741793702996972e+01;2.845065246873224396e+01;2.795398799931541589e+01;2.781545646765404456e+01;2.734900759665275416e+01;2.775842449994044614e+01;2.835268037309695899e+01;2.699312603114967146e+01;2.758579491425190611e+01;2.931247053501087407e+01;2.836261080197490969e+01;2.780806124995362438e+01;2.863837579869172600e+01;2.735614753045605596e+01;2.608913395585760497e+01;2.754168870165014482e+01;2.848801297521291076e+01;2.866088447265985906e+01;2.905669768058945124e+01;2.900341143359156604e+01;2.853193332595876086e+01;2.871835426657428059e+01;2.889653636525619618e+01;2.872206419376037445e+01;2.954954062088002331e+01;3.008766044228427461e+01;2.790530202744737664e+01;2.175537116559308970e+01
1.969087631511648340e+01;2.282396059064436145e+01;2.739775080278168673e+01;2.907157123361197648e+01;2.921562772542701225e+01;2.794104907636861412e+01;2.512366222491645829e+01;2.459084670746698009e+01;2.548410799250527248e+01;2.138207079779175501e+01;-inf;2.217856005942806519e+01;2.629745546715842863e+01;2.605254752801042173e+01;2.463676938325568244e+01;2.372611754639659409e+01;2.322866542433966686e+01;2.421560360233455356e+01;2.593919453896779714e+01;2.521362089302313336e+01;2.327264832751988877e+01;2.571955798459306664e+01;2.754330600019962105e+01;2.665093580026204734e+01;2.595702897037956802e+01;2.658907276917346962e+01;2.640492701977716195e+01;2.643398808037649417e+01;2.648721658068882334e+01;2.592447049347332211e+01;2.553903455017993451e+01;2.715168153568251341e+01;2.797372210029666917e+01;2.683219515193610505e+01;2.659256402233417305e+01;2.779776682330363258e+01;2.933484984766828063e+01;3.102333117756733571e+01;3.212610779052587162e+01;3.114047360055548808e+01;2.742648869942726719e+01
-inf;6.715466998346869332e+00;2.483078867012949331e+01;2.663454732325337204e+01;2.590693949951538855e+01;2.336182417176746640e+01;-inf;-inf;1.760049555295145751e+01;-inf;-inf;-inf;-inf;-inf;-inf;-inf;-inf;-inf;-inf;-inf;-inf;1.539760856915962961e+01;1.668649078046067302e+01;-inf;-inf;1.697839727464206305e+01;2.255526091534714794e+01;2.337895190552949032e+01;1.193533806130922414e+01;-inf;-inf;-inf;-inf;-inf;-inf;1.442458350669525657e+01;2.683416480559324668e+01;2.984351680171712928e+01;3.115109012829021395e+01;3.091940554541731956e+01;2.812590631313173617e+01
1.863320718799012354e+01;2.218804580684602001e+01;2.493063066850999121e+01;2.413423486142093566e+01;1.902811986300905289e+01;1.264663111810024532e+01;-inf;-inf;-inf;8.445434447064513961e+00;-inf;-inf;-inf;-inf;-inf;-inf;-inf;-inf;-inf;-inf;-inf;2.010353230397380742e+01;1.068726051118788689e+01;-inf;-inf;-inf;3.742741023824649460e+00;-inf;-inf;-inf;-inf;-inf;-inf;-inf;-inf;-inf;2.414439915746845600e+01;2.615563020298496610e+01;2.658424120411052627e+01;2.663966706667559947e+01;2.498511609049936055e+01
2.242292846664383887e+01;2.372079822066336874e+01;2.406536959440060741e+01;2.326188808788542417e+01;1.940707827600313351e+01;1.707778037886178879e+01;1.753877392834532145e+01;1.425493503429832742e+01;-inf;-inf;-inf;-inf;-inf;-inf;1.998667821072895379e+01;1.836413740015775886e+01;-inf;-inf;-inf;2.069423822182643846e+01;1.845637073506216552e+01;1.831811673643262850e+01;1.930064392031265186e+01;-inf;-inf;-inf;-inf;-inf;-inf;-inf;-inf;-inf;-inf;-inf;-inf;1.828391628415489834e+01;2.175348676944230419e+01;-inf;-inf;-inf;-inf
2.110696813950254125e+01;1.963693225385860330e+01;2.083687924046193984e+01;2.297163009959052715e+01;2.225280996548549695e+01;1.999622203739733095e+01;2.010601367406471240e+01;2.087900269245264440e+01;1.987512193419564710e+01;-inf;-inf;-inf;-inf;1.084585203651710117e+01;2.415902400766671576e+01;2.456668101253040959e+01;-inf;-inf;-inf;2.039909297403850985e+01;2.032539569537821933e+01;-inf;-inf;1.270005288735293902e+01;-inf;-inf;-inf;-inf;-inf;2.118121210838131674e+01;-inf;-inf;-inf;1.934887805173538311e+01;1.846525176110304756e+01;1.389891923293667730e+01;-inf;-inf;-inf;-inf;-inf
2.070703977530268958e+01;-inf;-inf;-inf;1.308725479855108631e+01;1.002879482856542381e+01;-4.418175335827299932e+00;-inf;1.646740310384456052e+01;-inf;-inf;1.785006603041736639e+01;2.159054021932142575e+01;2.178094892971191143e+01;2.488955177539909869e+01;2.499134975681381832e+01;1.342431145026468187e+01;-inf;1.743340650792201529e+01;1.622444810212876121e+01;2.080724266415573709e+01;-inf;-inf;1.257779330794585348e+01;-inf;-inf;4.197748987468884252e+00;-inf;-inf;1.692403722888606410e+01;-inf;-inf;-inf;-inf;-inf;-inf;-inf;-inf;-inf;-inf;-inf
2.086452408845509865e+01;-inf;-inf;-inf;-inf;-inf;-inf;-inf;-inf;-inf;-inf;-inf;1.470802748614812572e+01;2.107702276755267690e+01;2.306769694426616013e+01;1.827754985278119193e+01;-inf;-inf;2.409880545991480005e+01;2.414309495565913721e+01;2.142613682842136313e+01;-inf;-inf;1.798174294017961472e+01;-inf;-inf;1.597467218473887840e+01;-inf;-inf;-inf;-inf;-inf;-inf;-inf;-inf;-inf;-inf;-inf;-inf;1.756638655943608285e+01;-inf
1.988940516477956066e+01;1.943632305300587859e+01;1.902563004495777932e+01;-inf;-inf;-inf;-inf;-inf;1.611939618305565602e+01;2.018092439376142977e+01;1.828756086749507404e+01;2.380450594357684224e+01;2.286416302954384605e+01;2.239044927910002514e+01;2.213763601376921031e+01;-inf;-inf;-inf;2.160578554655596406e+01;2.491001963244583806e+01;2.305130465515993876e+01;-inf;-inf;1.397756594532326346e+01;-inf;-inf;-inf;-inf;-inf;-inf;-inf;-inf;-inf;-inf;-inf;-inf;-inf;-inf;-inf;1.245811801582108558e+01;-inf
1.744144701156776023e+01;2.015473720919969480e+01;8.148376900674023204e+00;-inf;-inf;-inf;-inf;-inf;-inf;-inf;1.744701009082278631e+01;2.620002474395434433e+01;2.494101523237965523e+01;-inf;-inf;-inf;-inf;-inf;-inf;2.167417015543719572e+01;2.307069698378074918e+01;-inf;-inf;-inf;-inf;-inf;2.020963553745754382e+01;1.870195557363018679e+01;-inf;-inf;-inf;-inf;1.126307716080012256e+01;1.661094177088621393e+01;1.527723976589457777e+01;-inf;-inf;-inf;2.263521932321486929e+01;2.491984953924526280e+01;2.565022644526955276e+01
-inf;-inf;-inf;-inf;-inf;-inf;-inf;-inf;-inf;-inf;-inf;2.424707039623947935e+01;2.360686493240223172e+01;-inf;-inf;-inf;-inf;-inf;-inf;2.128927571036648203e+01;1.853150513256998977e+01;-inf;-inf;-inf;-inf;2.104564115771572119e+01;2.386386787772570983e+01;2.138251349125701495e+01;-inf;-inf;-inf;-inf;-inf;-inf;-inf;-inf;-inf;-inf;2.495328858249159509e+01;2.834192693105698879e+01;2.948603204718058635e+01
9.755365824439110156e+00;-inf;-inf;-inf;-inf;-inf;-inf;-inf;-inf;-inf;-inf;2.251414690984135802e+01;2.293126265188656987e+01;-inf;-inf;2.530021809059059024e+01;2.328060984968909963e+01;-inf;-inf;2.333991813370384705e+01;2.044305317147586720e+01;8.062237891413701618e+00;1.163475653898265705e+01;-inf;-inf;1.454880780239496119e+01;1.502235580418221161e+01;-inf;-inf;-inf;-inf;-inf;-inf;-inf;-inf;-inf;-inf;-inf;1.819965097933138054e+01;2.608114784453702839e+01;2.852696098922088197e+01
1.718799777060398526e+01;1.845141395662452055e+01;2.074998160239228184e+01;1.953733669196962808e+01;-inf;-inf;1.307405492161275617e+01;-inf;-inf;-inf;1.504548211210249065e+01;5.698508939773176962e+00;-inf;-inf;-inf;2.515690343917579241e+01;2.568694042317970627e+01;1.720364688124476515e+01;-inf;2.294905726758560149e+01;2.463563390896771921e+01;1.897732185323553722e+01;1.038690216993998661e+01;1.809684498702210931e+01;1.585447578552280845e+01;-inf;-inf;-inf;-inf;-inf;-inf;-inf;-inf;-inf;-inf;-inf;-inf;-inf;-inf;-inf;7.690370287417579220e+00
-inf;-inf;1.835948586748494904e+01;2.009679494954104939e+01;-inf;1.872078210226443673e+01;2.468971796417170594e+01;1.465785689010317583e+01;-inf;-inf;-inf;-inf;-inf;-inf;-inf;2.088335051960878275e+01;2.423579067891843408e+01;2.362085335199411418e+01;1.306226908875068204e+01;1.721370055542330135e+01;2.338757817989984744e+01;1.824108179454762535e+01;1.108651480862477001e+01;2.240881378962779991e+01;2.250995298126422028e+01;1.878598397523860797e+01;-inf;-inf;-inf;-inf;-inf;-inf;-inf;-inf;-inf;-inf;-inf;-inf;-inf;-inf;-inf
-inf;-inf;1.630675880980724912e+01;1.923021516795691355e+01;-inf;2.109588900678598122e+01;2.553407713001507773e+01;2.031059362477108721e+01;-inf;-inf;-inf;-inf;-inf;-inf;2.085385663670740541e+01;2.140042157377888543e+01;2.089816548255197404e+01;2.318641631828315042e+01;1.682385600376908030e+01;-inf;-inf;-inf;-inf;2.019965046561941335e+01;2.053496798948023638e+01;1.572199138688799280e+01;-inf;-inf;-inf;-inf;1.741517853253181158e+01;-inf;-inf;-inf;-inf;-inf;-inf;-inf;-inf;-inf;-inf
-inf;1.293917696662354899e+01;1.997675139827322255e+01;1.532467852342480796e+01;-inf;1.959704635060028011e+01;2.258787153563179118e+01;-inf;-inf;-inf;-inf;-inf;-inf;-inf;2.235342598267334324e+01;2.203894059912805403e+01;-inf;-inf;-inf;-inf;-inf;-inf;-inf;-inf;-inf;-inf;-inf;-inf;-inf;-inf;2.004101561519618713e+01;1.001135289808706830e+01;-inf;-inf;-inf;-inf;-inf;-inf;-inf;-inf;-inf
1.751076780506403452e+01;2.163642566693557967e+01;2.119188271824972958e+01;-inf;-inf;-inf;-inf;-inf;-inf;-inf;-inf;-inf;-inf;-inf;1.542016162319310979e+01;1.723234783672502601e+01;-inf;-inf;-inf;-inf;-inf;-inf;-inf;-inf;-inf;-inf;-inf;-inf;-inf;-inf;-inf;1.472382800809276659e+01;-inf;-inf;-inf;-inf;-inf;-inf;1.879424070221998022e+01;1.174434425409842220e+01;-inf
1.319833628257778457e+01;2.064467851870357151e+01;1.328234166343045786e+01;-inf;-inf;-inf;-inf;-inf;-inf;-inf;-inf;-inf;-inf;-inf;-inf;-inf;-inf;-inf;-inf;-inf;-inf;-inf;-inf;-inf;-inf;-inf;-inf;-inf;1.781448294851848857e+01;1.810559875813974884e+01;-inf;-inf;-inf;-inf;-inf;1.912120273010536664e+01;-inf;-inf;1.827649137671710378e+01;2.199242926128455622e+01;2.037400181242291808e+01
-inf;1.399953345260708204e+01;-inf;-inf;-inf;1.832421715698583853e+01;1.814019724039778225e+01;-inf;-inf;-inf;-inf;-inf;-inf;-inf;-inf;-inf;2.084262909954153997e+01;1.886520312416963918e+01;-inf;-inf;-inf;-inf;-inf;-inf;-inf;-inf;-inf;-inf;2.373436875232609111e+01;2.413627783764232504e+01;-inf;-inf;-inf;-inf;-inf;-inf;1.879806698854321212e+01;-inf;-inf;-inf;1.463919321718225319e+01
1.954731930618595470e+01;8.570408865068031901e+00;-inf;-inf;2.001180105610357884e+01;2.327372449725967840e+01;2.131796134165523426e+01;-inf;-inf;-inf;1.975621442801873684e+01;1.157592127873964216e+01;1.513872115983157585e+01;2.253861221131380432e+01;1.748765214109263866e+01;-inf;2.185348354547237193e+01;2.268805037701110905e+01;-inf;-inf;-inf;-inf;-inf;-inf;-inf;-inf;-inf;9.891605245304830873e+00;2.323790504571219628e+01;2.456009481064390343e+01;2.163346282148322075e+01;-inf;-inf;-inf;-inf;-inf;-inf;-inf;-inf;-inf;-inf
2.184977956148730982e+01;-inf;-inf;-inf;2.120271518739917838e+01;2.216279321767963495e+01;2.046179528868076147e+01;1.664553527897815854e+01;-inf;1.552537591283601159e+01;1.964160619163476440e+01;3.613591038555071577e+00;1.477684687474436487e+01;2.096236619582609251e+01;-inf;-inf;1.404903551470280831e+01;2.231271344034136916e+01;1.908587303643132316e+01;-inf;-inf;-inf;-inf;-inf;-inf;1.203813383165403650e+01;1.677531500009625631e+01;1.238066832453469601e+01;1.747849767250677644e+01;2.300965090761718557e+01;2.373004791198422936e+01;1.893314908828656939e+01;6.270109150735422077e+00;1.237614905909332208e+01;-inf;-inf;-inf;-inf;-inf;-inf;-inf
1.380661326797164179e+01;-inf;-inf;-inf;-inf;-inf;-inf;-inf;-inf;-inf;-inf;-inf;-inf;-inf;-inf;-inf;-inf;2.282873027078784389e+01;2.312586233343003528e+01;1.405571840808023865e+01;-inf;-inf;-inf;-inf;-inf;-inf;2.124141770374285443e+01;2.201569729787925667e+01;1.533863172863254931e+01;1.998941276897728869e+01;2.310946186745989905e+01;2.030770815214675906e+01;1.916401622314289455e+01;2.118071584234350269e+01;2.098587598432821721e+01;1.743940893286685423e+01;-inf;-inf;-inf;-inf;-inf
-inf;-inf;-inf;-inf;-inf;-inf;1.796657923515769539e+01;1.575566438702642813e+01;-inf;-inf;-inf;6.015235575862149631e+00;1.700160560289468492e+01;-inf;-inf;-inf;1.788809397509263022e+01;2.352908977824603198e+01;2.345875500498046051e+01;1.775706621309443278e+01;-inf;-inf;-inf;-inf;-inf;-inf;1.888526600516681242e+01;2.402760808244681812e+01;2.115722397458972637e+01;1.695393636411679950e+01;1.687485930432141856e+01;-inf;1.483260420913245525e+01;1.781005477434484874e+01;1.863817759055064016e+01;1.586943938203707205e+01;-inf;-inf;-inf;-inf;-inf
-inf;1.589473285199875363e+01;2.309801236506555711e+01;2.157569672603024458e+01;1.792288533015941709e+01;2.175040363545899424e+01;2.406377301961654780e+01;2.275323403182518689e+01;1.623223684988985838e+01;-inf;1.550020705115890962e+01;2.356086792692934750e+01;2.365892341209173821e+01;-inf;1.487618183098126678e+01;1.887759220957705963e+01;1.767205160782791040e+01;1.937292478032500753e+01;1.657752096297460298e+01;-inf;-inf;-inf;-inf;1.832804573323522845e+01;2.050403957884830675e+01;-inf;1.095565879569231527e+01;2.298324611387290872e+01;2.239707751672411007e+01;1.290032229691441046e+01;-inf;-inf;-inf;-inf;-inf;-inf;-inf;-inf;-inf;-inf;-inf
8.041214274708295306e+00;2.279833333573759546e+01;2.514716095883734681e+01;2.384435795321772389e+01;2.315307888797792657e+01;2.438494403215486273e+01;2.421853847250044112e+01;1.929018518405671045e+01;-inf;1.319266958609395601e+01;2.261425562392381039e+01;2.618029913078888171e+01;2.517388718479432441e+01;-inf;-inf;1.860669202763783403e+01;-inf;-inf;-inf;-inf;-inf;1.151611624412782930e+01;2.258161886879921099e+01;2.558969206168721655e+01;2.602703951667479032e+01;2.209594955109837144e+01;-inf;-inf;1.404091700538343446e+01;-inf;-inf;-inf;1.803027881377308006e+01;1.585409428261593234e+01;-inf;-inf;-inf;-inf;-inf;-inf;-inf
1.905558703804274501e+01;2.476206049686106780e+01;2.554664126151470782e+01;2.355192427067154881e+01;2.278589416215299934e+01;2.399584683004636076e+01;2.188896927041791685e+01;-inf;-inf;9.499704899212247255e+00;2.313236877596068553e+01;2.645047218570232417e+01;2.575699291131239477e+01;-inf;-inf;2.018160195795168477e+01;1.763062816493972207e+01;-inf;-inf;-inf;-inf;1.564245971682103686e+01;2.402831442783912053e+01;2.684443094317917655e+01;2.719599864833929814e+01;2.385005223073871150e+01;-inf;-inf;-inf;-inf;-inf;1.846501923219670971e+01;2.354767525920247806e+01;2.304339202088335981e+01;1.890655522150598244e+01;1.727016306515888289e+01;1.635434132391945639e+01;-inf;-inf;-inf;-inf
2.334169686311059877e+01;2.560061781626224331e+01;2.576765130629695477e+01;2.411424847405498895e+01;2.378762349766319062e+01;2.407870283362390751e+01;1.924497683892296607e+01;-inf;-inf;1.839987410911930965e+01;2.247721626663820871e+01;2.466123027333701145e+01;2.338871722024171618e+01;-inf;-inf;1.995276605635218914e+01;2.139005718247125287e+01;-inf;-inf;-inf;-inf;-inf;2.158808618180597705e+01;2.614459011340886718e+01;2.554242794414052753e+01;2.018267994552739708e+01;-inf;-inf;-inf;-inf;-inf;2.007007360184229583e+01;2.508172140609191558e+01;2.514645905356911726e+01;2.212651329988771920e+01;2.088723062260800134e+01;2.143524825451137872e+01;1.811319601140327507e+01;1.254156047712592681e+01;1.781288877186990760e+01;2.197259736575736611e+01
2.404330673760861714e+01;2.541359909248841120e+01;2.546572061670025278e+01;2.440718840616602847e+01;2.340539820830258577e+01;2.144414871487408902e+01;-inf;-inf;-inf;1.284469944887668191e+01;1.909605844414947740e+01;1.965971048925065645e+01;-inf;-inf;-inf;-inf;1.894575275683557436e+01;-inf;-inf;-inf;-inf;-inf;1.892398255896755188e+01;2.427440117841098299e+01;1.498440059781351863e+01;-inf;-inf;-inf;-inf;-inf;-inf;1.818685896946675484e+01;2.456488448330965468e+01;2.505491238169481960e+01;2.141052291287670073e+01;5.413153743181595701e-01;1.399167775381663148e+01;1.501553945874782414e+01;1.516567785500674859e+01;1.883137015059806174e+01;2.155598776904508895e+01
2.265706423190624719e+01;2.364078126915578082e+01;2.416971414726457112e+01;2.264796137764790274e+01;1.688673378092748578e+01;-inf;-inf;-inf;-inf;-inf;-inf;-inf;-inf;-inf;-inf;-inf;-inf;-inf;-inf;-inf;-inf;-inf;1.908281707128861626e+01;2.240461048699474134e+01;-inf;-inf;-inf;1.207957568375464064e+01;-inf;-inf;-inf;4.379370382704735221e+00;2.286279975864671599e+01;2.362006950193502064e+01;1.692109619439304424e+01;-inf;-inf;-inf;5.280205106836760365e+00;1.639542878019689454e+01;1.734668393791619678e+01
2.155156349042988495e+01;2.224410098988008144e+01;2.278116029331454229e+01;1.939863993346814652e+01;-inf;-inf;-inf;1.539575103428148850e+01;-inf;-inf;-inf;-inf;-inf;-inf;-inf;-inf;-inf;-inf;-inf;-inf;-inf;-inf;2.041071298485678653e+01;2.196801869336275104e+01;-inf;-inf;-inf;1.781882656295817924e+01;-inf;-inf;-inf;1.864409863946271173e+01;2.130228630892399622e+01;2.161532509122824308e+01;-inf;-inf;-inf;-inf;-inf;5.347623371650058743e+00;1.051698115212604989e+01
2.200077984444860135e+01;2.335500470989302357e+01;2.353894949734208808e+01;2.116174689759162675e+01;2.026634902650667414e+01;1.987636496154536303e+01;2.209037402076695855e+01;2.206422607907219913e+01;-inf;-inf;-inf;-inf;-inf;-inf;-inf;-inf;-inf;-inf;-inf;-inf;-inf;-inf;1.864510400448742189e+01;2.114721076425624346e+01;1.434044941724314981e+01;-inf;1.819799036104612355e+01;1.394259882679614293e+01;-inf;-inf;2.142130180124350147e+01;2.331018046024908585e+01;2.135429619375470622e+01;1.914022711140626143e+01;-inf;-inf;-inf;-inf;-inf;-inf;-inf
2.171281979509694793e+01;2.373830198248579393e+01;2.352025495625947826e+01;2.135526216284794998e+01;2.130757447069964883e+01;2.215151513693291463e+01;2.337876001602197107e+01;2.292815777750185191e+01;4.484870570104774856e+00;-inf;-inf;-inf;-inf;-inf;-inf;-inf;-inf;-inf;-inf;-inf;-inf;-inf;1.723517843785876380e+01;2.001429670728299470e+01;1.307371898100470275e+01;-inf;9.621590727745044092e+00;-inf;-inf;-inf;2.206456973240091202e+01;2.466605716421599936e+01;2.239984795122508388e+01;1.661049992936901276e+01;-inf;-inf;1.597203228660615082e+01;2.022527656367972781e+01;1.768592268788047761e+01;-inf;-inf
2.063911504346398829e+01;2.208528212936482760e+01;1.838715644937114746e+01;-inf;-inf;-inf;1.935311899627407684e+01;2.195309182465814501e+01;1.900599910323016672e+01;-inf;-inf;-inf;-inf;-inf;-inf;-inf;-inf;-inf;-inf;-inf;-inf;-inf;1.871516930191499739e+01;2.040400525719002189e+01;1.445023601464863816e+01;-inf;-inf;-inf;-inf;-inf;2.020838478447095099e+01;2.453725557312642991e+01;2.283896034311159440e+01;1.351251310889796287e+01;-inf;-inf;1.986605607612902702e+01;2.305202536023955417e+01;2.263592099683673098e+01;2.691682586266736621e+00;-inf
1.949772803586401437e+01;1.652962066612730041e+01;-inf;-inf;-inf;-inf;-inf;1.934093819962811267e+01;2.030181203050061356e+01;1.067318594084362360e+01;-inf;-inf;-inf;-inf;-inf;-inf;-inf;-inf;-inf;-inf;-inf;-inf;1.895814237764230370e+01;2.094246331214627332e+01;1.757858196630009218e+01;-inf;-inf;-inf;1.803535083110006099e+01;-inf;1.348900842585082671e+01;2.132891456499991989e+01;2.118969539890886722e+01;1.044012601900996629e+01;-inf;-inf;-inf;2.015384322805809347e+01;2.208752930518890878e+01;1.847123875663373838e+01;-inf
2.024230476610655671e+01;-inf;-inf;-inf;-inf;-inf;-inf;-3.042664567653673657e+00;1.654816481857203314e+01;1.764075997934986617e+01;7.129585702627352362e+00;3.420544385710854840e+00;1.824032161116372208e+01;1.906317627349416455e+01;-inf;-inf;-inf;-inf;-inf;-inf;-inf;1.292776779952990296e+01;1.937544072968157138e+01;2.138088306969194718e+01;1.983448903966288412e+01;-inf;-inf;-inf;2.190135982976921980e+01;1.963008439850561615e+01;-inf;-inf;1.672974720893054723e+01;1.248634072859526611e+01;-inf;-inf;-inf;-inf;1.079056773113018153e+01;1.594705989797839152e+01;-inf
2.058503255153435418e+01;-inf;-inf;-inf;-inf;-inf;-inf;-inf;-inf;2.092949612037105567e+01;2.106153737542869919e+01;1.995137080054263379e+01;2.280416755917561034e+01;2.369375789550167610e+01;8.141334872737090222e+00;-inf;-inf;-inf;-inf;1.095856190261037000e+01;1.788285268884446566e+01;1.779545620709572518e+01;1.868137643772264767e+01;2.038106296378472848e+01;1.835839298142757059e+01;-inf;-inf;-inf;2.235966385916550792e+01;2.212554426490254400e+01;8.561482714694591323e+00;-inf;-inf;-inf;-inf;-inf;-inf;-inf;-inf;-inf;-inf
1.688140378444823853e+01;-inf;-inf;-inf;-inf;-inf;-inf;-inf;-inf;2.218190924761834992e+01;2.320469046442862293e+01;2.178482059774378854e+01;2.252495726177484414e+01;2.370664717161254487e+01;2.191329490116279999e+01;7.586325373224084956e+00;-inf;-inf;1.182240430209805027e+01;1.917625065464318368e+01;1.937155843229538732e+01;1.939246933874500201e+01;1.960456809378609933e+01;1.975355385332869673e+01;4.356988584035462964e+00;-inf;-inf;-inf;2.107054466714836849e+01;2.307571541034455720e+01;1.996661392139269253e+01;-inf;-inf;-inf;-inf;-inf;-inf;-inf;-inf;-inf;-inf
-inf;-inf;-inf;-inf;-inf;-inf;1.783413025271497077e+01;1.052527438634061241e+01;1.262466989770084069e+01;2.256323542928170411e+01;2.386138912410093837e+01;2.168746668629466967e+01;1.940494862189054004e+01;2.228031754086669025e+01;2.369471993959427891e+01;2.215989027165335301e+01;1.715517120842228849e+01;1.495037638308301098e+01;1.865810249891222838e+01;2.050743516323109361e+01;1.965954039195611358e+01;2.029491272421981307e+01;2.092494717236138513e+01;1.948569209729232909e+01;-inf;-inf;-inf;-inf;1.927455615098820374e+01;2.373569877833556063e+01;2.295628940086132275e+01;1.581758763340056362e+01;-inf;-inf;-inf;-inf;-inf;-inf;-2.274713653201558827e-01;-inf;-inf
-inf;-inf;-inf;-inf;-inf;1.568234262103624133e+01;2.151491706180567576e+01;2.105103510462916461e+01;2.001180405163538012e+01;2.300165465303490464e+01;2.429508766547257892e+01;2.210099225863686456e+01;1.549444504141571599e+01;1.857185021505284794e+01;2.253081641840547888e+01;2.206957600949887421e+01;1.894172855804902156e+01;1.662003776417026302e+01;1.869795955698317869e+01;2.108488293257674684e+01;2.067566960327727088e+01;2.114753790903090191e+01;2.152569470396095141e+01;1.848355720702078031e+01;-inf;-inf;-inf;-inf;1.750793999577243198e+01;2.318429409658423879e+01;2.363194893463973756e+01;1.909798516877337704e+01;-inf;1.261603249948299776e+01;7.041371353988111537e+00;-inf;-inf;-inf;-inf;-inf;-inf
-inf;-inf;-inf;-inf;-inf;1.694184265851656335e+01;2.255832397443495552e+01;2.312151091355181620e+01;2.214561195530944815e+01;2.311637231181246932e+01;2.436931793479257635e+01;2.272348236345855810e+01;1.498349186343314443e+01;-inf;1.649445210471024836e+01;1.698689677978524060e+01;1.060795109749332710e+01;-inf;1.406915653883990558e+01;2.156910001949536593e+01;2.211622343026633075e+01;2.205567268976368211e+01;2.139317678725376481e+01;1.405823248843387319e+01;-inf;-inf;1.694705544863595037e+01;1.755571801386750508e+01;1.870709157404304790e+01;2.214340584606077300e+01;2.297712205418906706e+01;1.867518003569381335e+01;-inf;1.745350089720157882e+01;1.827348701789971130e+01;7.122608876059075556e-01;-inf;-inf;-inf;-inf;-inf
1.224172727353398216e+01;8.562897700109047605e+00;-inf;-inf;-inf;1.298365631930704467e+01;2.053263889981444379e+01;2.275962013889638058e+01;2.213190551470937351e+01;2.148729063491853708e+01;2.269352296250403356e+01;2.217268511573456635e+01;1.710299348536672426e+01;-inf;-inf;-inf;4.499235536748997788e+00;-inf;7.254573177119709726e+00;2.102071771414821910e+01;2.232369820297219576e+01;2.210813718799261096e+01;2.086133618511583165e+01;-inf;-inf;-inf;2.252513756408116308e+01;2.249376550566427113e+01;1.967850091005375646e+01;1.871502686300775053e+01;1.875604138060087678e+01;3.113579267147940755e+00;-inf;-inf;1.956532121209257014e+01;1.797198975832003498e+01;1.065357704856340604e+01;-inf;-inf;-inf;-inf
-inf;-inf;-inf;9.684417617170282711e+00;1.604968569375893139e+01;1.434844932717074073e+01;1.745932449060276781e+01;2.164067781556944681e+01;2.099076580065268161e+01;1.725560195126936947e+01;1.940181086741417005e+01;2.104264482339472409e+01;1.916360029673496967e+01;-inf;-inf;1.023273686688564510e+01;1.813804066055942599e+01;1.531398116190088388e+01;1.452072887859529260e+01;2.024713660967685769e+01;2.137497243530589230e+01;2.099240940962918955e+01;2.044456275344285245e+01;-inf;-inf;-inf;2.316369406990222046e+01;2.301555630112244444e+01;1.847927317990482265e+01;-inf;-inf;-inf;-inf;-inf;1.932100116049592486e+01;2.171553925485000036e+01;2.055510187797729316e+01;1.475064566435474944e+01;-inf;-inf;-inf
